scheme,family,param_n,rounds,operation,iteration,time_ms,pk_bytes,sk_bytes,sig_bytes,verify_success,tampered_msg_reject,tampered_sig_reject
titan-n8-r16,titan,8,16,keygen,1,5.132599966600537,512,384,,,,
titan-n8-r16,titan,8,16,keygen,2,4.261199967004359,512,384,,,,
titan-n8-r16,titan,8,16,keygen,3,4.5801999513059855,512,384,,,,
titan-n8-r16,titan,8,16,keygen,4,4.48619993403554,512,384,,,,
titan-n8-r16,titan,8,16,keygen,5,4.237300017848611,512,384,,,,
titan-n8-r16,titan,8,16,sign,1,15.786899952217937,512,384,3104,,,
titan-n8-r16,titan,8,16,verify,1,2.0029000006616116,512,384,3104,1,1,1
titan-n8-r16,titan,8,16,sign,2,15.656300005502999,512,384,3104,,,
titan-n8-r16,titan,8,16,verify,2,1.5606998931616545,512,384,3104,1,1,1
titan-n8-r16,titan,8,16,sign,3,15.534000005573034,512,384,3104,,,
titan-n8-r16,titan,8,16,verify,3,1.8647999968379736,512,384,3104,1,1,1
titan-n8-r16,titan,8,16,sign,4,15.233100042678416,512,384,3104,,,
titan-n8-r16,titan,8,16,verify,4,1.5810999320819974,512,384,3104,1,1,1
titan-n8-r16,titan,8,16,sign,5,15.826300019398332,512,384,3104,,,
titan-n8-r16,titan,8,16,verify,5,1.538999960757792,512,384,3104,1,1,1
titan-n8-r16,titan,8,16,sign,6,15.824800007976592,512,384,3104,,,
titan-n8-r16,titan,8,16,verify,6,1.558799995109439,512,384,3104,1,1,1
titan-n8-r16,titan,8,16,sign,7,19.220999907702208,512,384,3104,,,
titan-n8-r16,titan,8,16,verify,7,1.5577999874949455,512,384,3104,1,1,1
titan-n8-r16,titan,8,16,sign,8,16.07570005580783,512,384,3104,,,
titan-n8-r16,titan,8,16,verify,8,1.6074000159278512,512,384,3104,1,1,1
titan-n8-r16,titan,8,16,sign,9,15.237699961289763,512,384,3104,,,
titan-n8-r16,titan,8,16,verify,9,1.791900023818016,512,384,3104,1,1,1
titan-n8-r16,titan,8,16,sign,10,15.314899967052042,512,384,3104,,,
titan-n8-r16,titan,8,16,verify,10,1.5104999765753746,512,384,3104,1,1,1
titan-n8-r16,titan,8,16,sign,11,19.421500037424266,512,384,3104,,,
titan-n8-r16,titan,8,16,verify,11,1.505300053395331,512,384,3104,1,1,1
titan-n8-r16,titan,8,16,sign,12,21.353599964641035,512,384,3104,,,
titan-n8-r16,titan,8,16,verify,12,1.7207999480888247,512,384,3104,1,1,1
titan-n8-r16,titan,8,16,sign,13,16.924899886362255,512,384,3104,,,
titan-n8-r16,titan,8,16,verify,13,1.545800012536347,512,384,3104,1,1,1
titan-n8-r16,titan,8,16,sign,14,15.14639996457845,512,384,3104,,,
titan-n8-r16,titan,8,16,verify,14,1.548200030811131,512,384,3104,1,1,1
titan-n8-r16,titan,8,16,sign,15,16.941100009717047,512,384,3104,,,
titan-n8-r16,titan,8,16,verify,15,2.314800047315657,512,384,3104,1,1,1
titan-n8-r16,titan,8,16,sign,16,19.727100036107004,512,384,3104,,,
titan-n8-r16,titan,8,16,verify,16,2.0418999483808875,512,384,3104,1,1,1
titan-n8-r16,titan,8,16,sign,17,15.129399951547384,512,384,3104,,,
titan-n8-r16,titan,8,16,verify,17,1.9603000255301595,512,384,3104,1,1,1
titan-n8-r16,titan,8,16,sign,18,15.162399969995022,512,384,3104,,,
titan-n8-r16,titan,8,16,verify,18,1.565599930472672,512,384,3104,1,1,1
titan-n8-r16,titan,8,16,sign,19,15.52280003670603,512,384,3104,,,
titan-n8-r16,titan,8,16,verify,19,1.802799990400672,512,384,3104,1,1,1
titan-n8-r16,titan,8,16,sign,20,15.11679997202009,512,384,3104,,,
titan-n8-r16,titan,8,16,verify,20,1.5127999940887094,512,384,3104,1,1,1
titan-n8-r16,titan,8,16,sign,21,16.96429995354265,512,384,3104,,,
titan-n8-r16,titan,8,16,verify,21,1.685099909082055,512,384,3104,1,1,1
titan-n8-r16,titan,8,16,sign,22,19.212499959394336,512,384,3104,,,
titan-n8-r16,titan,8,16,verify,22,1.5024000313133001,512,384,3104,1,1,1
titan-n8-r16,titan,8,16,sign,23,15.244800015352666,512,384,3104,,,
titan-n8-r16,titan,8,16,verify,23,2.2818000288680196,512,384,3104,1,1,1
titan-n8-r16,titan,8,16,sign,24,17.57289993111044,512,384,3104,,,
titan-n8-r16,titan,8,16,verify,24,1.685400027781725,512,384,3104,1,1,1
titan-n8-r16,titan,8,16,sign,25,16.1315998993814,512,384,3104,,,
titan-n8-r16,titan,8,16,verify,25,1.5282999956980348,512,384,3104,1,1,1
titan-n8-r16,titan,8,16,sign,26,17.469200072810054,512,384,3104,,,
titan-n8-r16,titan,8,16,verify,26,2.3801999632269144,512,384,3104,1,1,1
titan-n8-r16,titan,8,16,sign,27,16.103799920529127,512,384,3104,,,
titan-n8-r16,titan,8,16,verify,27,1.5069000655785203,512,384,3104,1,1,1
titan-n8-r16,titan,8,16,sign,28,15.000900020822883,512,384,3104,,,
titan-n8-r16,titan,8,16,verify,28,2.3237999994307756,512,384,3104,1,1,1
titan-n8-r16,titan,8,16,sign,29,15.594800002872944,512,384,3104,,,
titan-n8-r16,titan,8,16,verify,29,1.5385000733658671,512,384,3104,1,1,1
titan-n8-r16,titan,8,16,sign,30,15.57139994110912,512,384,3104,,,
titan-n8-r16,titan,8,16,verify,30,1.7411999870091677,512,384,3104,1,1,1
titan-n8-r16,titan,8,16,sign,31,17.970100045204163,512,384,3104,,,
titan-n8-r16,titan,8,16,verify,31,2.158899907954037,512,384,3104,1,1,1
titan-n8-r16,titan,8,16,sign,32,16.49899990297854,512,384,3104,,,
titan-n8-r16,titan,8,16,verify,32,1.6049999976530671,512,384,3104,1,1,1
titan-n8-r16,titan,8,16,sign,33,16.022700001485646,512,384,3104,,,
titan-n8-r16,titan,8,16,verify,33,1.546700019389391,512,384,3104,1,1,1
titan-n8-r16,titan,8,16,sign,34,16.121000051498413,512,384,3104,,,
titan-n8-r16,titan,8,16,verify,34,1.6023000935092568,512,384,3104,1,1,1
titan-n8-r16,titan,8,16,sign,35,15.838999999687076,512,384,3104,,,
titan-n8-r16,titan,8,16,verify,35,1.5175000298768282,512,384,3104,1,1,1
titan-n8-r16,titan,8,16,sign,36,17.314799944870174,512,384,3104,,,
titan-n8-r16,titan,8,16,verify,36,4.137300071306527,512,384,3104,1,1,1
titan-n8-r16,titan,8,16,sign,37,17.24870002362877,512,384,3104,,,
titan-n8-r16,titan,8,16,verify,37,1.5357999363914132,512,384,3104,1,1,1
titan-n8-r16,titan,8,16,sign,38,16.585600096732378,512,384,3104,,,
titan-n8-r16,titan,8,16,verify,38,1.514699892140925,512,384,3104,1,1,1
titan-n8-r16,titan,8,16,sign,39,17.087699961848557,512,384,3104,,,
titan-n8-r16,titan,8,16,verify,39,1.5934000257402658,512,384,3104,1,1,1
titan-n8-r16,titan,8,16,sign,40,15.633299946784973,512,384,3104,,,
titan-n8-r16,titan,8,16,verify,40,1.5130999963730574,512,384,3104,1,1,1
titan-n8-r16,titan,8,16,sign,41,16.646699979901314,512,384,3104,,,
titan-n8-r16,titan,8,16,verify,41,2.2632000036537647,512,384,3104,1,1,1
titan-n8-r16,titan,8,16,sign,42,17.373800044879317,512,384,3104,,,
titan-n8-r16,titan,8,16,verify,42,1.5357999363914132,512,384,3104,1,1,1
titan-n8-r16,titan,8,16,sign,43,15.56420000270009,512,384,3104,,,
titan-n8-r16,titan,8,16,verify,43,1.528399996459484,512,384,3104,1,1,1
titan-n8-r16,titan,8,16,sign,44,16.42210001591593,512,384,3104,,,
titan-n8-r16,titan,8,16,verify,44,2.6738999877125025,512,384,3104,1,1,1
titan-n8-r16,titan,8,16,sign,45,16.587699996307492,512,384,3104,,,
titan-n8-r16,titan,8,16,verify,45,1.6394000267609954,512,384,3104,1,1,1
titan-n8-r16,titan,8,16,sign,46,16.77159999962896,512,384,3104,,,
titan-n8-r16,titan,8,16,verify,46,3.556199953891337,512,384,3104,1,1,1
titan-n8-r16,titan,8,16,sign,47,16.539000091142952,512,384,3104,,,
titan-n8-r16,titan,8,16,verify,47,1.5152000123634934,512,384,3104,1,1,1
titan-n8-r16,titan,8,16,sign,48,15.491599915549159,512,384,3104,,,
titan-n8-r16,titan,8,16,verify,48,1.5625000232830644,512,384,3104,1,1,1
titan-n8-r16,titan,8,16,sign,49,17.46339991223067,512,384,3104,,,
titan-n8-r16,titan,8,16,verify,49,1.5981000615283847,512,384,3104,1,1,1
titan-n8-r16,titan,8,16,sign,50,16.5127000072971,512,384,3104,,,
titan-n8-r16,titan,8,16,verify,50,1.5109999803826213,512,384,3104,1,1,1
titan-n8-r32,titan,8,32,keygen,1,5.621300078928471,512,384,,,,
titan-n8-r32,titan,8,32,keygen,2,4.171599983237684,512,384,,,,
titan-n8-r32,titan,8,32,keygen,3,3.8303000619634986,512,384,,,,
titan-n8-r32,titan,8,32,keygen,4,4.307400085963309,512,384,,,,
titan-n8-r32,titan,8,32,keygen,5,6.746900035068393,512,384,,,,
titan-n8-r32,titan,8,32,sign,1,31.966799986548722,512,384,6176,,,
titan-n8-r32,titan,8,32,verify,1,3.037000074982643,512,384,6176,1,1,1
titan-n8-r32,titan,8,32,sign,2,30.505900038406253,512,384,6176,,,
titan-n8-r32,titan,8,32,verify,2,5.246600019745529,512,384,6176,1,1,1
titan-n8-r32,titan,8,32,sign,3,35.64640006516129,512,384,6176,,,
titan-n8-r32,titan,8,32,verify,3,4.0565000381320715,512,384,6176,1,1,1
titan-n8-r32,titan,8,32,sign,4,62.37240007612854,512,384,6176,,,
titan-n8-r32,titan,8,32,verify,4,5.669300095178187,512,384,6176,1,1,1
titan-n8-r32,titan,8,32,sign,5,41.94700007792562,512,384,6176,,,
titan-n8-r32,titan,8,32,verify,5,3.044900018721819,512,384,6176,1,1,1
titan-n8-r32,titan,8,32,sign,6,29.192600050009787,512,384,6176,,,
titan-n8-r32,titan,8,32,verify,6,3.041999996639788,512,384,6176,1,1,1
titan-n8-r32,titan,8,32,sign,7,35.78550007659942,512,384,6176,,,
titan-n8-r32,titan,8,32,verify,7,3.021199954673648,512,384,6176,1,1,1
titan-n8-r32,titan,8,32,sign,8,31.252600019797683,512,384,6176,,,
titan-n8-r32,titan,8,32,verify,8,3.2936999341472983,512,384,6176,1,1,1
titan-n8-r32,titan,8,32,sign,9,34.286500071175396,512,384,6176,,,
titan-n8-r32,titan,8,32,verify,9,3.0614000279456377,512,384,6176,1,1,1
titan-n8-r32,titan,8,32,sign,10,32.756000058725476,512,384,6176,,,
titan-n8-r32,titan,8,32,verify,10,3.1777999829500914,512,384,6176,1,1,1
titan-n8-r32,titan,8,32,sign,11,31.506899977102876,512,384,6176,,,
titan-n8-r32,titan,8,32,verify,11,3.0423999996855855,512,384,6176,1,1,1
titan-n8-r32,titan,8,32,sign,12,35.69360007531941,512,384,6176,,,
titan-n8-r32,titan,8,32,verify,12,3.1344000017270446,512,384,6176,1,1,1
titan-n8-r32,titan,8,32,sign,13,31.160300015471876,512,384,6176,,,
titan-n8-r32,titan,8,32,verify,13,3.191899973899126,512,384,6176,1,1,1
titan-n8-r32,titan,8,32,sign,14,32.245100010186434,512,384,6176,,,
titan-n8-r32,titan,8,32,verify,14,3.911699983291328,512,384,6176,1,1,1
titan-n8-r32,titan,8,32,sign,15,33.37940003257245,512,384,6176,,,
titan-n8-r32,titan,8,32,verify,15,3.058200003579259,512,384,6176,1,1,1
titan-n8-r32,titan,8,32,sign,16,33.81639998406172,512,384,6176,,,
titan-n8-r32,titan,8,32,verify,16,3.0660999473184347,512,384,6176,1,1,1
titan-n8-r32,titan,8,32,sign,17,33.869000035338104,512,384,6176,,,
titan-n8-r32,titan,8,32,verify,17,3.747900016605854,512,384,6176,1,1,1
titan-n8-r32,titan,8,32,sign,18,30.99530003964901,512,384,6176,,,
titan-n8-r32,titan,8,32,verify,18,4.384799976833165,512,384,6176,1,1,1
titan-n8-r32,titan,8,32,sign,19,31.239000032655895,512,384,6176,,,
titan-n8-r32,titan,8,32,verify,19,3.177399979904294,512,384,6176,1,1,1
titan-n8-r32,titan,8,32,sign,20,38.74650003854185,512,384,6176,,,
titan-n8-r32,titan,8,32,verify,20,3.785800072364509,512,384,6176,1,1,1
titan-n8-r32,titan,8,32,sign,21,30.540499952621758,512,384,6176,,,
titan-n8-r32,titan,8,32,verify,21,3.0401999829337,512,384,6176,1,1,1
titan-n8-r32,titan,8,32,sign,22,31.744600040838122,512,384,6176,,,
titan-n8-r32,titan,8,32,verify,22,3.9260999765247107,512,384,6176,1,1,1
titan-n8-r32,titan,8,32,sign,23,32.22629998344928,512,384,6176,,,
titan-n8-r32,titan,8,32,verify,23,3.0964999459683895,512,384,6176,1,1,1
titan-n8-r32,titan,8,32,sign,24,31.668200041167438,512,384,6176,,,
titan-n8-r32,titan,8,32,verify,24,3.1510000117123127,512,384,6176,1,1,1
titan-n8-r32,titan,8,32,sign,25,38.25560002587736,512,384,6176,,,
titan-n8-r32,titan,8,32,verify,25,3.57810000423342,512,384,6176,1,1,1
titan-n8-r32,titan,8,32,sign,26,33.715899917297065,512,384,6176,,,
titan-n8-r32,titan,8,32,verify,26,3.4124000230804086,512,384,6176,1,1,1
titan-n8-r32,titan,8,32,sign,27,32.00829995330423,512,384,6176,,,
titan-n8-r32,titan,8,32,verify,27,3.1003999756649137,512,384,6176,1,1,1
titan-n8-r32,titan,8,32,sign,28,33.933899947442114,512,384,6176,,,
titan-n8-r32,titan,8,32,verify,28,3.127400064840913,512,384,6176,1,1,1
titan-n8-r32,titan,8,32,sign,29,30.169400037266314,512,384,6176,,,
titan-n8-r32,titan,8,32,verify,29,4.819900030270219,512,384,6176,1,1,1
titan-n8-r32,titan,8,32,sign,30,32.080299919471145,512,384,6176,,,
titan-n8-r32,titan,8,32,verify,30,3.5176000092178583,512,384,6176,1,1,1
titan-n8-r32,titan,8,32,sign,31,32.24910004064441,512,384,6176,,,
titan-n8-r32,titan,8,32,verify,31,3.7979999324306846,512,384,6176,1,1,1
titan-n8-r32,titan,8,32,sign,32,33.258200041018426,512,384,6176,,,
titan-n8-r32,titan,8,32,verify,32,4.286200040951371,512,384,6176,1,1,1
titan-n8-r32,titan,8,32,sign,33,30.877499957568944,512,384,6176,,,
titan-n8-r32,titan,8,32,verify,33,3.0755000188946724,512,384,6176,1,1,1
titan-n8-r32,titan,8,32,sign,34,30.33730003517121,512,384,6176,,,
titan-n8-r32,titan,8,32,verify,34,3.142000059597194,512,384,6176,1,1,1
titan-n8-r32,titan,8,32,sign,35,37.98359993379563,512,384,6176,,,
titan-n8-r32,titan,8,32,verify,35,3.373399958945811,512,384,6176,1,1,1
titan-n8-r32,titan,8,32,sign,36,31.96259995456785,512,384,6176,,,
titan-n8-r32,titan,8,32,verify,36,3.351900028064847,512,384,6176,1,1,1
titan-n8-r32,titan,8,32,sign,37,33.1105999648571,512,384,6176,,,
titan-n8-r32,titan,8,32,verify,37,4.158700001426041,512,384,6176,1,1,1
titan-n8-r32,titan,8,32,sign,38,35.01660004258156,512,384,6176,,,
titan-n8-r32,titan,8,32,verify,38,3.090999904088676,512,384,6176,1,1,1
titan-n8-r32,titan,8,32,sign,39,34.55500002019107,512,384,6176,,,
titan-n8-r32,titan,8,32,verify,39,3.0411999905481935,512,384,6176,1,1,1
titan-n8-r32,titan,8,32,sign,40,34.35500001069158,512,384,6176,,,
titan-n8-r32,titan,8,32,verify,40,3.3669000258669257,512,384,6176,1,1,1
titan-n8-r32,titan,8,32,sign,41,32.72080002352595,512,384,6176,,,
titan-n8-r32,titan,8,32,verify,41,3.2743000192567706,512,384,6176,1,1,1
titan-n8-r32,titan,8,32,sign,42,33.65340002346784,512,384,6176,,,
titan-n8-r32,titan,8,32,verify,42,3.005599952302873,512,384,6176,1,1,1
titan-n8-r32,titan,8,32,sign,43,36.29079996608198,512,384,6176,,,
titan-n8-r32,titan,8,32,verify,43,4.675399977713823,512,384,6176,1,1,1
titan-n8-r32,titan,8,32,sign,44,33.637700020335615,512,384,6176,,,
titan-n8-r32,titan,8,32,verify,44,3.084499971009791,512,384,6176,1,1,1
titan-n8-r32,titan,8,32,sign,45,33.08299998752773,512,384,6176,,,
titan-n8-r32,titan,8,32,verify,45,3.743499983102083,512,384,6176,1,1,1
titan-n8-r32,titan,8,32,sign,46,30.155500047840178,512,384,6176,,,
titan-n8-r32,titan,8,32,verify,46,4.0466999635100365,512,384,6176,1,1,1
titan-n8-r32,titan,8,32,sign,47,33.02189998794347,512,384,6176,,,
titan-n8-r32,titan,8,32,verify,47,2.9984000138938427,512,384,6176,1,1,1
titan-n8-r32,titan,8,32,sign,48,33.22099999058992,512,384,6176,,,
titan-n8-r32,titan,8,32,verify,48,3.01059999037534,512,384,6176,1,1,1
titan-n8-r32,titan,8,32,sign,49,31.0044001089409,512,384,6176,,,
titan-n8-r32,titan,8,32,verify,49,3.0337999342009425,512,384,6176,1,1,1
titan-n8-r32,titan,8,32,sign,50,34.482200047932565,512,384,6176,,,
titan-n8-r32,titan,8,32,verify,50,3.2640999415889382,512,384,6176,1,1,1
titan-n10-r32,titan,10,32,keygen,1,6.957300007343292,1000,600,,,,
titan-n10-r32,titan,10,32,keygen,2,6.499100010842085,1000,600,,,,
titan-n10-r32,titan,10,32,keygen,3,6.44489994738251,1000,600,,,,
titan-n10-r32,titan,10,32,keygen,4,6.311999983154237,1000,600,,,,
titan-n10-r32,titan,10,32,keygen,5,6.413099938072264,1000,600,,,,
titan-n10-r32,titan,10,32,sign,1,40.24440003558993,1000,600,9632,,,
titan-n10-r32,titan,10,32,verify,1,3.7632000166922808,1000,600,9632,1,1,1
titan-n10-r32,titan,10,32,sign,2,84.80880002025515,1000,600,9632,,,
titan-n10-r32,titan,10,32,verify,2,5.856600007973611,1000,600,9632,1,1,1
titan-n10-r32,titan,10,32,sign,3,38.21919998154044,1000,600,9632,,,
titan-n10-r32,titan,10,32,verify,3,3.887500031851232,1000,600,9632,1,1,1
titan-n10-r32,titan,10,32,sign,4,38.99040003307164,1000,600,9632,,,
titan-n10-r32,titan,10,32,verify,4,4.340999992564321,1000,600,9632,1,1,1
titan-n10-r32,titan,10,32,sign,5,47.01249999925494,1000,600,9632,,,
titan-n10-r32,titan,10,32,verify,5,4.215600085444748,1000,600,9632,1,1,1
titan-n10-r32,titan,10,32,sign,6,42.06879995763302,1000,600,9632,,,
titan-n10-r32,titan,10,32,verify,6,3.907499951310456,1000,600,9632,1,1,1
titan-n10-r32,titan,10,32,sign,7,41.896200040355325,1000,600,9632,,,
titan-n10-r32,titan,10,32,verify,7,4.722699988633394,1000,600,9632,1,1,1
titan-n10-r32,titan,10,32,sign,8,38.642299943603575,1000,600,9632,,,
titan-n10-r32,titan,10,32,verify,8,4.517000052146614,1000,600,9632,1,1,1
titan-n10-r32,titan,10,32,sign,9,65.16720005311072,1000,600,9632,,,
titan-n10-r32,titan,10,32,verify,9,4.6582999639213085,1000,600,9632,1,1,1
titan-n10-r32,titan,10,32,sign,10,38.15730009227991,1000,600,9632,,,
titan-n10-r32,titan,10,32,verify,10,6.622100016102195,1000,600,9632,1,1,1
titan-n10-r32,titan,10,32,sign,11,49.27969991695136,1000,600,9632,,,
titan-n10-r32,titan,10,32,verify,11,3.6137999268248677,1000,600,9632,1,1,1
titan-n10-r32,titan,10,32,sign,12,42.0837999554351,1000,600,9632,,,
titan-n10-r32,titan,10,32,verify,12,3.5291999811306596,1000,600,9632,1,1,1
titan-n10-r32,titan,10,32,sign,13,40.8875000430271,1000,600,9632,,,
titan-n10-r32,titan,10,32,verify,13,4.434600006788969,1000,600,9632,1,1,1
titan-n10-r32,titan,10,32,sign,14,38.1006000097841,1000,600,9632,,,
titan-n10-r32,titan,10,32,verify,14,4.451799904927611,1000,600,9632,1,1,1
titan-n10-r32,titan,10,32,sign,15,41.75040009431541,1000,600,9632,,,
titan-n10-r32,titan,10,32,verify,15,3.5487000131979585,1000,600,9632,1,1,1
titan-n10-r32,titan,10,32,sign,16,38.03560009691864,1000,600,9632,,,
titan-n10-r32,titan,10,32,verify,16,3.523500054143369,1000,600,9632,1,1,1
titan-n10-r32,titan,10,32,sign,17,43.724299990572035,1000,600,9632,,,
titan-n10-r32,titan,10,32,verify,17,4.112299997359514,1000,600,9632,1,1,1
titan-n10-r32,titan,10,32,sign,18,38.01769996061921,1000,600,9632,,,
titan-n10-r32,titan,10,32,verify,18,4.033899982459843,1000,600,9632,1,1,1
titan-n10-r32,titan,10,32,sign,19,44.868300086818635,1000,600,9632,,,
titan-n10-r32,titan,10,32,verify,19,3.575699985958636,1000,600,9632,1,1,1
titan-n10-r32,titan,10,32,sign,20,41.13919998053461,1000,600,9632,,,
titan-n10-r32,titan,10,32,verify,20,5.1232000114396214,1000,600,9632,1,1,1
titan-n10-r32,titan,10,32,sign,21,43.3132000034675,1000,600,9632,,,
titan-n10-r32,titan,10,32,verify,21,3.54089995380491,1000,600,9632,1,1,1
titan-n10-r32,titan,10,32,sign,22,38.03679998964071,1000,600,9632,,,
titan-n10-r32,titan,10,32,verify,22,3.6084000021219254,1000,600,9632,1,1,1
titan-n10-r32,titan,10,32,sign,23,42.094800039194524,1000,600,9632,,,
titan-n10-r32,titan,10,32,verify,23,4.642599960789084,1000,600,9632,1,1,1
titan-n10-r32,titan,10,32,sign,24,39.986600051634014,1000,600,9632,,,
titan-n10-r32,titan,10,32,verify,24,4.4784999918192625,1000,600,9632,1,1,1
titan-n10-r32,titan,10,32,sign,25,45.50629993900657,1000,600,9632,,,
titan-n10-r32,titan,10,32,verify,25,4.621300031431019,1000,600,9632,1,1,1
titan-n10-r32,titan,10,32,sign,26,38.01010001916438,1000,600,9632,,,
titan-n10-r32,titan,10,32,verify,26,3.9155000122264028,1000,600,9632,1,1,1
titan-n10-r32,titan,10,32,sign,27,43.15459995996207,1000,600,9632,,,
titan-n10-r32,titan,10,32,verify,27,4.352500080130994,1000,600,9632,1,1,1
titan-n10-r32,titan,10,32,sign,28,39.21349998563528,1000,600,9632,,,
titan-n10-r32,titan,10,32,verify,28,4.325399990193546,1000,600,9632,1,1,1
titan-n10-r32,titan,10,32,sign,29,40.60139995999634,1000,600,9632,,,
titan-n10-r32,titan,10,32,verify,29,3.8778999587520957,1000,600,9632,1,1,1
titan-n10-r32,titan,10,32,sign,30,45.618200092576444,1000,600,9632,,,
titan-n10-r32,titan,10,32,verify,30,4.320999956689775,1000,600,9632,1,1,1
titan-n10-r32,titan,10,32,sign,31,38.82279992103577,1000,600,9632,,,
titan-n10-r32,titan,10,32,verify,31,4.926500027067959,1000,600,9632,1,1,1
titan-n10-r32,titan,10,32,sign,32,39.02270004618913,1000,600,9632,,,
titan-n10-r32,titan,10,32,verify,32,3.486700006760657,1000,600,9632,1,1,1
titan-n10-r32,titan,10,32,sign,33,39.78860005736351,1000,600,9632,,,
titan-n10-r32,titan,10,32,verify,33,3.848399966955185,1000,600,9632,1,1,1
titan-n10-r32,titan,10,32,sign,34,40.76899995561689,1000,600,9632,,,
titan-n10-r32,titan,10,32,verify,34,3.7808000342920423,1000,600,9632,1,1,1
titan-n10-r32,titan,10,32,sign,35,39.43950007669628,1000,600,9632,,,
titan-n10-r32,titan,10,32,verify,35,5.119599984027445,1000,600,9632,1,1,1
titan-n10-r32,titan,10,32,sign,36,43.8461999874562,1000,600,9632,,,
titan-n10-r32,titan,10,32,verify,36,3.508599940687418,1000,600,9632,1,1,1
titan-n10-r32,titan,10,32,sign,37,38.9958000741899,1000,600,9632,,,
titan-n10-r32,titan,10,32,verify,37,5.342700053006411,1000,600,9632,1,1,1
titan-n10-r32,titan,10,32,sign,38,42.43159992620349,1000,600,9632,,,
titan-n10-r32,titan,10,32,verify,38,3.6681999918073416,1000,600,9632,1,1,1
titan-n10-r32,titan,10,32,sign,39,40.57389998342842,1000,600,9632,,,
titan-n10-r32,titan,10,32,verify,39,3.590499982237816,1000,600,9632,1,1,1
titan-n10-r32,titan,10,32,sign,40,44.400000013411045,1000,600,9632,,,
titan-n10-r32,titan,10,32,verify,40,3.541099955327809,1000,600,9632,1,1,1
titan-n10-r32,titan,10,32,sign,41,41.31479992065579,1000,600,9632,,,
titan-n10-r32,titan,10,32,verify,41,3.530499991029501,1000,600,9632,1,1,1
titan-n10-r32,titan,10,32,sign,42,61.20500003453344,1000,600,9632,,,
titan-n10-r32,titan,10,32,verify,42,3.665899974294007,1000,600,9632,1,1,1
titan-n10-r32,titan,10,32,sign,43,36.77610005252063,1000,600,9632,,,
titan-n10-r32,titan,10,32,verify,43,3.9009000174701214,1000,600,9632,1,1,1
titan-n10-r32,titan,10,32,sign,44,37.826300016604364,1000,600,9632,,,
titan-n10-r32,titan,10,32,verify,44,4.4868000550195575,1000,600,9632,1,1,1
titan-n10-r32,titan,10,32,sign,45,48.421100014820695,1000,600,9632,,,
titan-n10-r32,titan,10,32,verify,45,3.5999000538140535,1000,600,9632,1,1,1
titan-n10-r32,titan,10,32,sign,46,64.0754000050947,1000,600,9632,,,
titan-n10-r32,titan,10,32,verify,46,3.4734999062493443,1000,600,9632,1,1,1
titan-n10-r32,titan,10,32,sign,47,42.323999921791255,1000,600,9632,,,
titan-n10-r32,titan,10,32,verify,47,4.105099942535162,1000,600,9632,1,1,1
titan-n10-r32,titan,10,32,sign,48,37.48439997434616,1000,600,9632,,,
titan-n10-r32,titan,10,32,verify,48,3.4709000028669834,1000,600,9632,1,1,1
titan-n10-r32,titan,10,32,sign,49,41.455899947322905,1000,600,9632,,,
titan-n10-r32,titan,10,32,verify,49,4.174800007604063,1000,600,9632,1,1,1
titan-n10-r32,titan,10,32,sign,50,37.25019993726164,1000,600,9632,,,
titan-n10-r32,titan,10,32,verify,50,3.436499973759055,1000,600,9632,1,1,1
titan-n12-r32,titan,12,32,keygen,1,8.985400083474815,1728,864,,,,
titan-n12-r32,titan,12,32,keygen,2,10.32240001950413,1728,864,,,,
titan-n12-r32,titan,12,32,keygen,3,9.632300003431737,1728,864,,,,
titan-n12-r32,titan,12,32,keygen,4,8.655000012367964,1728,864,,,,
titan-n12-r32,titan,12,32,keygen,5,12.887199991382658,1728,864,,,,
titan-n12-r32,titan,12,32,sign,1,49.586999928578734,1728,864,13856,,,
titan-n12-r32,titan,12,32,verify,1,4.117999924346805,1728,864,13856,1,1,1
titan-n12-r32,titan,12,32,sign,2,50.56100001093,1728,864,13856,,,
titan-n12-r32,titan,12,32,verify,2,4.082900006324053,1728,864,13856,1,1,1
titan-n12-r32,titan,12,32,sign,3,45.16099998727441,1728,864,13856,,,
titan-n12-r32,titan,12,32,verify,3,4.070200026035309,1728,864,13856,1,1,1
titan-n12-r32,titan,12,32,sign,4,49.46629994083196,1728,864,13856,,,
titan-n12-r32,titan,12,32,verify,4,4.112800001166761,1728,864,13856,1,1,1
titan-n12-r32,titan,12,32,sign,5,48.628599965013564,1728,864,13856,,,
titan-n12-r32,titan,12,32,verify,5,4.074999946169555,1728,864,13856,1,1,1
titan-n12-r32,titan,12,32,sign,6,53.88870008755475,1728,864,13856,,,
titan-n12-r32,titan,12,32,verify,6,4.661999992094934,1728,864,13856,1,1,1
titan-n12-r32,titan,12,32,sign,7,47.267200076021254,1728,864,13856,,,
titan-n12-r32,titan,12,32,verify,7,4.10720007494092,1728,864,13856,1,1,1
titan-n12-r32,titan,12,32,sign,8,48.08549990411848,1728,864,13856,,,
titan-n12-r32,titan,12,32,verify,8,4.283800022676587,1728,864,13856,1,1,1
titan-n12-r32,titan,12,32,sign,9,46.70960002113134,1728,864,13856,,,
titan-n12-r32,titan,12,32,verify,9,4.821400041691959,1728,864,13856,1,1,1
titan-n12-r32,titan,12,32,sign,10,45.96400004811585,1728,864,13856,,,
titan-n12-r32,titan,12,32,verify,10,4.144300008192658,1728,864,13856,1,1,1
titan-n12-r32,titan,12,32,sign,11,49.2309998953715,1728,864,13856,,,
titan-n12-r32,titan,12,32,verify,11,5.0752999959513545,1728,864,13856,1,1,1
titan-n12-r32,titan,12,32,sign,12,47.567399917170405,1728,864,13856,,,
titan-n12-r32,titan,12,32,verify,12,4.372499999590218,1728,864,13856,1,1,1
titan-n12-r32,titan,12,32,sign,13,53.95390000194311,1728,864,13856,,,
titan-n12-r32,titan,12,32,verify,13,4.346700035966933,1728,864,13856,1,1,1
titan-n12-r32,titan,12,32,sign,14,49.49000000488013,1728,864,13856,,,
titan-n12-r32,titan,12,32,verify,14,4.019300104118884,1728,864,13856,1,1,1
titan-n12-r32,titan,12,32,sign,15,47.83920000772923,1728,864,13856,,,
titan-n12-r32,titan,12,32,verify,15,4.055399913340807,1728,864,13856,1,1,1
titan-n12-r32,titan,12,32,sign,16,46.48280004039407,1728,864,13856,,,
titan-n12-r32,titan,12,32,verify,16,5.391599959693849,1728,864,13856,1,1,1
titan-n12-r32,titan,12,32,sign,17,46.30320006981492,1728,864,13856,,,
titan-n12-r32,titan,12,32,verify,17,4.327600006945431,1728,864,13856,1,1,1
titan-n12-r32,titan,12,32,sign,18,50.99820008035749,1728,864,13856,,,
titan-n12-r32,titan,12,32,verify,18,5.461500026285648,1728,864,13856,1,1,1
titan-n12-r32,titan,12,32,sign,19,48.824300058186054,1728,864,13856,,,
titan-n12-r32,titan,12,32,verify,19,5.234100040979683,1728,864,13856,1,1,1
titan-n12-r32,titan,12,32,sign,20,49.3588000535965,1728,864,13856,,,
titan-n12-r32,titan,12,32,verify,20,4.591999924741685,1728,864,13856,1,1,1
titan-n12-r32,titan,12,32,sign,21,46.44559998996556,1728,864,13856,,,
titan-n12-r32,titan,12,32,verify,21,4.067100002430379,1728,864,13856,1,1,1
titan-n12-r32,titan,12,32,sign,22,50.373899983242154,1728,864,13856,,,
titan-n12-r32,titan,12,32,verify,22,4.053000011481345,1728,864,13856,1,1,1
titan-n12-r32,titan,12,32,sign,23,47.17669996898621,1728,864,13856,,,
titan-n12-r32,titan,12,32,verify,23,4.1701000882312655,1728,864,13856,1,1,1
titan-n12-r32,titan,12,32,sign,24,47.591399983502924,1728,864,13856,,,
titan-n12-r32,titan,12,32,verify,24,4.136000061407685,1728,864,13856,1,1,1
titan-n12-r32,titan,12,32,sign,25,51.16640008054674,1728,864,13856,,,
titan-n12-r32,titan,12,32,verify,25,4.6079999301582575,1728,864,13856,1,1,1
titan-n12-r32,titan,12,32,sign,26,62.5786999007687,1728,864,13856,,,
titan-n12-r32,titan,12,32,verify,26,6.157899973914027,1728,864,13856,1,1,1
titan-n12-r32,titan,12,32,sign,27,54.42719999700785,1728,864,13856,,,
titan-n12-r32,titan,12,32,verify,27,5.105899996124208,1728,864,13856,1,1,1
titan-n12-r32,titan,12,32,sign,28,47.86639998201281,1728,864,13856,,,
titan-n12-r32,titan,12,32,verify,28,11.234399979002774,1728,864,13856,1,1,1
titan-n12-r32,titan,12,32,sign,29,47.52390005160123,1728,864,13856,,,
titan-n12-r32,titan,12,32,verify,29,4.1464000241830945,1728,864,13856,1,1,1
titan-n12-r32,titan,12,32,sign,30,49.38820004463196,1728,864,13856,,,
titan-n12-r32,titan,12,32,verify,30,5.696200067177415,1728,864,13856,1,1,1
titan-n12-r32,titan,12,32,sign,31,45.417799963615835,1728,864,13856,,,
titan-n12-r32,titan,12,32,verify,31,4.488400067202747,1728,864,13856,1,1,1
titan-n12-r32,titan,12,32,sign,32,53.30080003477633,1728,864,13856,,,
titan-n12-r32,titan,12,32,verify,32,4.311600001528859,1728,864,13856,1,1,1
titan-n12-r32,titan,12,32,sign,33,49.877600045874715,1728,864,13856,,,
titan-n12-r32,titan,12,32,verify,33,5.85680000949651,1728,864,13856,1,1,1
titan-n12-r32,titan,12,32,sign,34,48.46730001736432,1728,864,13856,,,
titan-n12-r32,titan,12,32,verify,34,5.350599996745586,1728,864,13856,1,1,1
titan-n12-r32,titan,12,32,sign,35,53.76989999786019,1728,864,13856,,,
titan-n12-r32,titan,12,32,verify,35,5.872000008821487,1728,864,13856,1,1,1
titan-n12-r32,titan,12,32,sign,36,81.11709996592253,1728,864,13856,,,
titan-n12-r32,titan,12,32,verify,36,6.334100035019219,1728,864,13856,1,1,1
titan-n12-r32,titan,12,32,sign,37,50.019699963741004,1728,864,13856,,,
titan-n12-r32,titan,12,32,verify,37,4.965599975548685,1728,864,13856,1,1,1
titan-n12-r32,titan,12,32,sign,38,51.05430004186928,1728,864,13856,,,
titan-n12-r32,titan,12,32,verify,38,4.4117000652477145,1728,864,13856,1,1,1
titan-n12-r32,titan,12,32,sign,39,46.79499997291714,1728,864,13856,,,
titan-n12-r32,titan,12,32,verify,39,5.038400064222515,1728,864,13856,1,1,1
titan-n12-r32,titan,12,32,sign,40,50.49190006684512,1728,864,13856,,,
titan-n12-r32,titan,12,32,verify,40,4.184800083748996,1728,864,13856,1,1,1
titan-n12-r32,titan,12,32,sign,41,45.883200014941394,1728,864,13856,,,
titan-n12-r32,titan,12,32,verify,41,6.270700017921627,1728,864,13856,1,1,1
titan-n12-r32,titan,12,32,sign,42,52.401799941435456,1728,864,13856,,,
titan-n12-r32,titan,12,32,verify,42,4.353199969045818,1728,864,13856,1,1,1
titan-n12-r32,titan,12,32,sign,43,48.37430000770837,1728,864,13856,,,
titan-n12-r32,titan,12,32,verify,43,4.109299974516034,1728,864,13856,1,1,1
titan-n12-r32,titan,12,32,sign,44,47.9338999139145,1728,864,13856,,,
titan-n12-r32,titan,12,32,verify,44,4.1337000438943505,1728,864,13856,1,1,1
titan-n12-r32,titan,12,32,sign,45,51.305599976330996,1728,864,13856,,,
titan-n12-r32,titan,12,32,verify,45,4.147800034843385,1728,864,13856,1,1,1
titan-n12-r32,titan,12,32,sign,46,45.98350008018315,1728,864,13856,,,
titan-n12-r32,titan,12,32,verify,46,4.0203999960795045,1728,864,13856,1,1,1
titan-n12-r32,titan,12,32,sign,47,51.551599986851215,1728,864,13856,,,
titan-n12-r32,titan,12,32,verify,47,4.036099999211729,1728,864,13856,1,1,1
titan-n12-r32,titan,12,32,sign,48,52.50969994813204,1728,864,13856,,,
titan-n12-r32,titan,12,32,verify,48,4.9600000493228436,1728,864,13856,1,1,1
titan-n12-r32,titan,12,32,sign,49,52.22030007280409,1728,864,13856,,,
titan-n12-r32,titan,12,32,verify,49,5.000600009225309,1728,864,13856,1,1,1
titan-n12-r32,titan,12,32,sign,50,49.120599986054,1728,864,13856,,,
titan-n12-r32,titan,12,32,verify,50,5.719100008718669,1728,864,13856,1,1,1
falcon-512,falcon,512,,keygen,1,2408.093799953349,896,3584,,,,
falcon-512,falcon,512,,keygen,2,2404.4618000043556,896,3584,,,,
falcon-512,falcon,512,,keygen,3,2171.5775000629947,896,3584,,,,
falcon-512,falcon,512,,sign,1,16.209400026127696,896,3584,666,,,
falcon-512,falcon,512,,verify,1,3.9393999613821507,896,3584,666,1,1,1
falcon-512,falcon,512,,sign,2,15.144400065764785,896,3584,666,,,
falcon-512,falcon,512,,verify,2,3.967400058172643,896,3584,666,1,1,1
falcon-512,falcon,512,,sign,3,15.302299987524748,896,3584,666,,,
falcon-512,falcon,512,,verify,3,3.9779000217095017,896,3584,666,1,1,1
falcon-512,falcon,512,,sign,4,16.281799995340407,896,3584,666,,,
falcon-512,falcon,512,,verify,4,4.432600107975304,896,3584,666,1,1,1
falcon-512,falcon,512,,sign,5,16.11069997306913,896,3584,666,,,
falcon-512,falcon,512,,verify,5,7.795299985446036,896,3584,666,1,1,1
falcon-512,falcon,512,,sign,6,27.12220000103116,896,3584,666,,,
falcon-512,falcon,512,,verify,6,6.590099888853729,896,3584,666,1,1,1
falcon-512,falcon,512,,sign,7,18.631599959917367,896,3584,666,,,
falcon-512,falcon,512,,verify,7,3.879799973219633,896,3584,666,1,1,1
falcon-512,falcon,512,,sign,8,15.620999969542027,896,3584,666,,,
falcon-512,falcon,512,,verify,8,3.9644999196752906,896,3584,666,1,1,1
falcon-512,falcon,512,,sign,9,14.772100024856627,896,3584,666,,,
falcon-512,falcon,512,,verify,9,3.8958999793976545,896,3584,666,1,1,1
falcon-512,falcon,512,,sign,10,16.261099954135716,896,3584,666,,,
falcon-512,falcon,512,,verify,10,3.8480000803247094,896,3584,666,1,1,1
falcon-512,falcon,512,,sign,11,17.249399912543595,896,3584,666,,,
falcon-512,falcon,512,,verify,11,4.3536999728530645,896,3584,666,1,1,1
falcon-512,falcon,512,,sign,12,15.416800044476986,896,3584,666,,,
falcon-512,falcon,512,,verify,12,3.955499967560172,896,3584,666,1,1,1
falcon-512,falcon,512,,sign,13,15.52559994161129,896,3584,666,,,
falcon-512,falcon,512,,verify,13,4.589000018313527,896,3584,666,1,1,1
falcon-512,falcon,512,,sign,14,15.110600041225553,896,3584,666,,,
falcon-512,falcon,512,,verify,14,3.9781000232324004,896,3584,666,1,1,1
falcon-512,falcon,512,,sign,15,27.66259992495179,896,3584,666,,,
falcon-512,falcon,512,,verify,15,4.137899959459901,896,3584,666,1,1,1
falcon-512,falcon,512,,sign,16,14.925600029528141,896,3584,666,,,
falcon-512,falcon,512,,verify,16,3.956700093112886,896,3584,666,1,1,1
falcon-512,falcon,512,,sign,17,14.69009998254478,896,3584,666,,,
falcon-512,falcon,512,,verify,17,5.033800029195845,896,3584,666,1,1,1
falcon-512,falcon,512,,sign,18,16.285200021229684,896,3584,666,,,
falcon-512,falcon,512,,verify,18,4.960599937476218,896,3584,666,1,1,1
falcon-512,falcon,512,,sign,19,16.131400014273822,896,3584,666,,,
falcon-512,falcon,512,,verify,19,3.8508999859914184,896,3584,666,1,1,1
falcon-512,falcon,512,,sign,20,15.540999942459166,896,3584,666,,,
falcon-512,falcon,512,,verify,20,3.7993000587448478,896,3584,666,1,1,1
falcon-512,falcon,512,,sign,21,15.843600034713745,896,3584,666,,,
falcon-512,falcon,512,,verify,21,4.158600000664592,896,3584,666,1,1,1
falcon-512,falcon,512,,sign,22,19.51699994970113,896,3584,666,,,
falcon-512,falcon,512,,verify,22,4.803999909199774,896,3584,666,1,1,1
falcon-512,falcon,512,,sign,23,18.507499946281314,896,3584,666,,,
falcon-512,falcon,512,,verify,23,3.9519999409094453,896,3584,666,1,1,1
falcon-512,falcon,512,,sign,24,15.277199912816286,896,3584,666,,,
falcon-512,falcon,512,,verify,24,4.417399992235005,896,3584,666,1,1,1
falcon-512,falcon,512,,sign,25,15.22670011036098,896,3584,666,,,
falcon-512,falcon,512,,verify,25,3.8888000417500734,896,3584,666,1,1,1
falcon-512,falcon,512,,sign,26,16.245500068180263,896,3584,666,,,
falcon-512,falcon,512,,verify,26,4.590099910274148,896,3584,666,1,1,1
falcon-512,falcon,512,,sign,27,14.876000001095235,896,3584,666,,,
falcon-512,falcon,512,,verify,27,4.121500067412853,896,3584,666,1,1,1
falcon-512,falcon,512,,sign,28,14.849800034426153,896,3584,666,,,
falcon-512,falcon,512,,verify,28,3.837500000372529,896,3584,666,1,1,1
falcon-512,falcon,512,,sign,29,15.133599983528256,896,3584,666,,,
falcon-512,falcon,512,,verify,29,4.005399998277426,896,3584,666,1,1,1
falcon-512,falcon,512,,sign,30,15.858500031754375,896,3584,666,,,
falcon-512,falcon,512,,verify,30,4.8649999080225825,896,3584,666,1,1,1
falcon-512,falcon,512,,sign,31,15.738500049337745,896,3584,666,,,
falcon-512,falcon,512,,verify,31,3.8475000765174627,896,3584,666,1,1,1
falcon-512,falcon,512,,sign,32,15.19529998768121,896,3584,666,,,
falcon-512,falcon,512,,verify,32,3.8854999002069235,896,3584,666,1,1,1
falcon-512,falcon,512,,sign,33,17.723600030876696,896,3584,666,,,
falcon-512,falcon,512,,verify,33,4.017300088889897,896,3584,666,1,1,1
falcon-512,falcon,512,,sign,34,17.1507999766618,896,3584,666,,,
falcon-512,falcon,512,,verify,34,3.9911000058054924,896,3584,666,1,1,1
falcon-512,falcon,512,,sign,35,14.551999978721142,896,3584,666,,,
falcon-512,falcon,512,,verify,35,4.5016000512987375,896,3584,666,1,1,1
falcon-512,falcon,512,,sign,36,15.069599961861968,896,3584,666,,,
falcon-512,falcon,512,,verify,36,3.8434999296441674,896,3584,666,1,1,1
falcon-512,falcon,512,,sign,37,16.546000028029084,896,3584,666,,,
falcon-512,falcon,512,,verify,37,3.923299955204129,896,3584,666,1,1,1
falcon-512,falcon,512,,sign,38,15.429300023242831,896,3584,666,,,
falcon-512,falcon,512,,verify,38,3.8965999847278,896,3584,666,1,1,1
falcon-512,falcon,512,,sign,39,15.971899963915348,896,3584,666,,,
falcon-512,falcon,512,,verify,39,5.08019991684705,896,3584,666,1,1,1
falcon-512,falcon,512,,sign,40,14.58329998422414,896,3584,666,,,
falcon-512,falcon,512,,verify,40,3.7730999756604433,896,3584,666,1,1,1
falcon-512,falcon,512,,sign,41,15.675599919632077,896,3584,666,,,
falcon-512,falcon,512,,verify,41,3.941599978134036,896,3584,666,1,1,1
falcon-512,falcon,512,,sign,42,15.030100010335445,896,3584,666,,,
falcon-512,falcon,512,,verify,42,4.177700029686093,896,3584,666,1,1,1
falcon-512,falcon,512,,sign,43,15.624699997715652,896,3584,666,,,
falcon-512,falcon,512,,verify,43,4.128700005821884,896,3584,666,1,1,1
falcon-512,falcon,512,,sign,44,15.350100002251565,896,3584,666,,,
falcon-512,falcon,512,,verify,44,3.849700093269348,896,3584,666,1,1,1
falcon-512,falcon,512,,sign,45,15.348199987784028,896,3584,666,,,
falcon-512,falcon,512,,verify,45,3.893999964930117,896,3584,666,1,1,1
falcon-512,falcon,512,,sign,46,16.11970004159957,896,3584,666,,,
falcon-512,falcon,512,,verify,46,4.434800008311868,896,3584,666,1,1,1
falcon-512,falcon,512,,sign,47,15.182500006631017,896,3584,666,,,
falcon-512,falcon,512,,verify,47,4.305600072257221,896,3584,666,1,1,1
falcon-512,falcon,512,,sign,48,15.375399962067604,896,3584,666,,,
falcon-512,falcon,512,,verify,48,4.134499933570623,896,3584,666,1,1,1
falcon-512,falcon,512,,sign,49,15.41610003914684,896,3584,666,,,
falcon-512,falcon,512,,verify,49,3.8873000303283334,896,3584,666,1,1,1
falcon-512,falcon,512,,sign,50,15.569200040772557,896,3584,666,,,
falcon-512,falcon,512,,verify,50,4.078599973581731,896,3584,666,1,1,1
falcon-1024,falcon,1024,,keygen,1,10448.260999983177,1792,7168,,,,
falcon-1024,falcon,1024,,keygen,2,11638.177199987695,1792,7168,,,,
falcon-1024,falcon,1024,,keygen,3,12157.433500047773,1792,7168,,,,
falcon-1024,falcon,1024,,sign,1,40.636499994434416,1792,7168,1280,,,
falcon-1024,falcon,1024,,verify,1,10.712000075727701,1792,7168,1280,1,1,1
falcon-1024,falcon,1024,,sign,2,50.60870002489537,1792,7168,1280,,,
falcon-1024,falcon,1024,,verify,2,11.204699985682964,1792,7168,1280,1,1,1
falcon-1024,falcon,1024,,sign,3,43.55149995535612,1792,7168,1280,,,
falcon-1024,falcon,1024,,verify,3,11.268200003542006,1792,7168,1280,1,1,1
falcon-1024,falcon,1024,,sign,4,37.62089996598661,1792,7168,1280,,,
falcon-1024,falcon,1024,,verify,4,10.594100109301507,1792,7168,1280,1,1,1
falcon-1024,falcon,1024,,sign,5,39.20510003808886,1792,7168,1280,,,
falcon-1024,falcon,1024,,verify,5,10.742799961008132,1792,7168,1280,1,1,1
falcon-1024,falcon,1024,,sign,6,37.42210008203983,1792,7168,1280,,,
falcon-1024,falcon,1024,,verify,6,12.49300001654774,1792,7168,1280,1,1,1
falcon-1024,falcon,1024,,sign,7,43.31610002554953,1792,7168,1280,,,
falcon-1024,falcon,1024,,verify,7,10.195900104008615,1792,7168,1280,1,1,1
falcon-1024,falcon,1024,,sign,8,44.900799985043705,1792,7168,1280,,,
falcon-1024,falcon,1024,,verify,8,9.91329993121326,1792,7168,1280,1,1,1
falcon-1024,falcon,1024,,sign,9,38.635200005955994,1792,7168,1280,,,
falcon-1024,falcon,1024,,verify,9,11.225000023841858,1792,7168,1280,1,1,1
falcon-1024,falcon,1024,,sign,10,35.99400003440678,1792,7168,1280,,,
falcon-1024,falcon,1024,,verify,10,9.850400034338236,1792,7168,1280,1,1,1
falcon-1024,falcon,1024,,sign,11,47.85050009377301,1792,7168,1280,,,
falcon-1024,falcon,1024,,verify,11,9.51960007660091,1792,7168,1280,1,1,1
falcon-1024,falcon,1024,,sign,12,37.23570005968213,1792,7168,1280,,,
falcon-1024,falcon,1024,,verify,12,12.512400047853589,1792,7168,1280,1,1,1
falcon-1024,falcon,1024,,sign,13,39.0080000506714,1792,7168,1280,,,
falcon-1024,falcon,1024,,verify,13,9.567100089043379,1792,7168,1280,1,1,1
falcon-1024,falcon,1024,,sign,14,39.7324999794364,1792,7168,1280,,,
falcon-1024,falcon,1024,,verify,14,9.602800011634827,1792,7168,1280,1,1,1
falcon-1024,falcon,1024,,sign,15,37.36050007864833,1792,7168,1280,,,
falcon-1024,falcon,1024,,verify,15,9.589200024493039,1792,7168,1280,1,1,1
falcon-1024,falcon,1024,,sign,16,50.08519999682903,1792,7168,1280,,,
falcon-1024,falcon,1024,,verify,16,9.582500089891255,1792,7168,1280,1,1,1
falcon-1024,falcon,1024,,sign,17,41.49929992854595,1792,7168,1280,,,
falcon-1024,falcon,1024,,verify,17,10.677899932488799,1792,7168,1280,1,1,1
falcon-1024,falcon,1024,,sign,18,36.817100015468895,1792,7168,1280,,,
falcon-1024,falcon,1024,,verify,18,10.301099973730743,1792,7168,1280,1,1,1
falcon-1024,falcon,1024,,sign,19,36.38369997497648,1792,7168,1280,,,
falcon-1024,falcon,1024,,verify,19,10.260700015351176,1792,7168,1280,1,1,1
falcon-1024,falcon,1024,,sign,20,37.62650000862777,1792,7168,1280,,,
falcon-1024,falcon,1024,,verify,20,11.61879999563098,1792,7168,1280,1,1,1
falcon-1024,falcon,1024,,sign,21,36.722499993629754,1792,7168,1280,,,
falcon-1024,falcon,1024,,verify,21,9.428499964997172,1792,7168,1280,1,1,1
falcon-1024,falcon,1024,,sign,22,46.13090003840625,1792,7168,1280,,,
falcon-1024,falcon,1024,,verify,22,9.656100068241358,1792,7168,1280,1,1,1
falcon-1024,falcon,1024,,sign,23,36.67419997509569,1792,7168,1280,,,
falcon-1024,falcon,1024,,verify,23,10.355300037190318,1792,7168,1280,1,1,1
falcon-1024,falcon,1024,,sign,24,36.84790001716465,1792,7168,1280,,,
falcon-1024,falcon,1024,,verify,24,10.004300042055547,1792,7168,1280,1,1,1
falcon-1024,falcon,1024,,sign,25,42.23920009098947,1792,7168,1280,,,
falcon-1024,falcon,1024,,verify,25,9.625900071114302,1792,7168,1280,1,1,1
falcon-1024,falcon,1024,,sign,26,50.55339995305985,1792,7168,1280,,,
falcon-1024,falcon,1024,,verify,26,15.09729993995279,1792,7168,1280,1,1,1
falcon-1024,falcon,1024,,sign,27,43.15939999651164,1792,7168,1280,,,
falcon-1024,falcon,1024,,verify,27,11.05730002745986,1792,7168,1280,1,1,1
falcon-1024,falcon,1024,,sign,28,51.87069997191429,1792,7168,1280,,,
falcon-1024,falcon,1024,,verify,28,10.778399999253452,1792,7168,1280,1,1,1
falcon-1024,falcon,1024,,sign,29,41.57859995029867,1792,7168,1280,,,
falcon-1024,falcon,1024,,verify,29,13.497599982656538,1792,7168,1280,1,1,1
falcon-1024,falcon,1024,,sign,30,39.222100051119924,1792,7168,1280,,,
falcon-1024,falcon,1024,,verify,30,13.139599934220314,1792,7168,1280,1,1,1
falcon-1024,falcon,1024,,sign,31,41.543700033798814,1792,7168,1280,,,
falcon-1024,falcon,1024,,verify,31,10.480000055395067,1792,7168,1280,1,1,1
falcon-1024,falcon,1024,,sign,32,40.54140008520335,1792,7168,1280,,,
falcon-1024,falcon,1024,,verify,32,10.886600008234382,1792,7168,1280,1,1,1
falcon-1024,falcon,1024,,sign,33,40.784900076687336,1792,7168,1280,,,
falcon-1024,falcon,1024,,verify,33,10.307200020179152,1792,7168,1280,1,1,1
falcon-1024,falcon,1024,,sign,34,53.5393999889493,1792,7168,1280,,,
falcon-1024,falcon,1024,,verify,34,10.238799965009093,1792,7168,1280,1,1,1
falcon-1024,falcon,1024,,sign,35,42.180399992503226,1792,7168,1280,,,
falcon-1024,falcon,1024,,verify,35,10.63329994212836,1792,7168,1280,1,1,1
falcon-1024,falcon,1024,,sign,36,39.56139995716512,1792,7168,1280,,,
falcon-1024,falcon,1024,,verify,36,10.413600015453994,1792,7168,1280,1,1,1
falcon-1024,falcon,1024,,sign,37,39.617600035853684,1792,7168,1280,,,
falcon-1024,falcon,1024,,verify,37,9.772000019438565,1792,7168,1280,1,1,1
falcon-1024,falcon,1024,,sign,38,38.205499993637204,1792,7168,1280,,,
falcon-1024,falcon,1024,,verify,38,10.872499900870025,1792,7168,1280,1,1,1
falcon-1024,falcon,1024,,sign,39,37.00120002031326,1792,7168,1280,,,
falcon-1024,falcon,1024,,verify,39,10.59499999973923,1792,7168,1280,1,1,1
falcon-1024,falcon,1024,,sign,40,42.30289999395609,1792,7168,1280,,,
falcon-1024,falcon,1024,,verify,40,10.608699987642467,1792,7168,1280,1,1,1
falcon-1024,falcon,1024,,sign,41,37.3923999723047,1792,7168,1280,,,
falcon-1024,falcon,1024,,verify,41,11.051900102756917,1792,7168,1280,1,1,1
falcon-1024,falcon,1024,,sign,42,36.965399980545044,1792,7168,1280,,,
falcon-1024,falcon,1024,,verify,42,9.922700002789497,1792,7168,1280,1,1,1
falcon-1024,falcon,1024,,sign,43,39.81939994264394,1792,7168,1280,,,
falcon-1024,falcon,1024,,verify,43,10.393599979579449,1792,7168,1280,1,1,1
falcon-1024,falcon,1024,,sign,44,37.673700018785894,1792,7168,1280,,,
falcon-1024,falcon,1024,,verify,44,13.400300056673586,1792,7168,1280,1,1,1
falcon-1024,falcon,1024,,sign,45,41.3198999594897,1792,7168,1280,,,
falcon-1024,falcon,1024,,verify,45,10.24819992017001,1792,7168,1280,1,1,1
falcon-1024,falcon,1024,,sign,46,40.70529993623495,1792,7168,1280,,,
falcon-1024,falcon,1024,,verify,46,10.405899956822395,1792,7168,1280,1,1,1
falcon-1024,falcon,1024,,sign,47,36.20279999449849,1792,7168,1280,,,
falcon-1024,falcon,1024,,verify,47,9.96209995355457,1792,7168,1280,1,1,1
falcon-1024,falcon,1024,,sign,48,37.914899992756546,1792,7168,1280,,,
falcon-1024,falcon,1024,,verify,48,10.717400000430644,1792,7168,1280,1,1,1
falcon-1024,falcon,1024,,sign,49,37.07590000703931,1792,7168,1280,,,
falcon-1024,falcon,1024,,verify,49,9.818300022743642,1792,7168,1280,1,1,1
falcon-1024,falcon,1024,,sign,50,37.155000027269125,1792,7168,1280,,,
falcon-1024,falcon,1024,,verify,50,10.517600108869374,1792,7168,1280,1,1,1
